Mechanism ID,Mechanism ID-Name
17714,17714-SPPHC
70473,70473-Going the Last Mile
80052,80052-HIV Services and Systems Strengthening
80103,80103-Integrated Treatment Care and Prevention Services for Vulnerable Populations Activity in Eswatini
81613,81613-TMEC - EpiC
81759,81759-Meeting Targets and Maintaining Epidemic Control (EpiC)
81068,81068-FHI 360-Epic
82199,82199-EpiC
81723,81723-Meeting Targets and Maintaining Epidemic Control (EpiC)
18280,18280-Integrated HIV Prevention and Health Services for Key and Priority Populations (HIS-KP)
81965,81965-Meeting Targets and Maintaining Epidemic Control (EpiC)
81671,81671-Epidemic Control among Priority Populations
70190,70190-Local Capacity KP
70306,70306-WRHI FSW/TG
84020,84020-TMEC - EpiC
81422,81422-Meeting Targets and Maintaining Epidemic Control (EpiC)
81928,81928-Meeting Targets and Maintaining Epidemic Control (EpiC)
81737,81737-Meeting Targets and Maintaining Epidemic Control (EpiC)
84659,84659-Meeting Targets and Maintaining Epidemic Control (EpiC)
100222,100222-Meeting Targets and Maintaining Epidemic Control (EpiC)
81061,81061-Meeting Targets and Maintaining Epidemic Control (EpiC)
81138,81138-Meeting Targets and Maintaining Epidemic Control (EpiC)
81282,81282-Meeting Targets and Maintaining Epidemic Control (EpiC)
81296,81296-Meeting Targets and Maintaining Epidemic Control (EpiC)
81366,81366-Meeting Targets and Maintaining Epidemic Control (EpiC)
81439,81439-Meeting Targets and Maintaining Epidemic Control (EpiC)
100220,100220-Meeting Targets and Maintaining Epidemic Control (EpiC)
84563,84563-[Placeholder - 84563 Malawi USAID]
